Embedding File,MSE,Accuracy,Hit_Percent,Correlation,Correlation Sig,Spearman,Spearman Sig,wind,size,mod,dig,tash,preprocessing
controldigFalsetashTruemod1size100wind4.txt,0.1353,0.2877,0.0,0.5566,1.66514396744e-39,0.539756734725,8.13322785538e-37,4,100,1,False,True,control
controldigFalsetashFalsemod1size200wind4.txt,0.1655,0.3219,0.0,0.5501,1.85921794519e-38,0.519355167016,9.38706315201e-34,4,200,1,False,False,control
controldigFalsetashFalsemod0size200wind4.txt,0.178,0.332,0.0,0.5228,2.99132363548e-34,0.502175034387,2.48392800806e-31,4,200,0,False,False,control
controldigTruetashTruemod1size200wind4.txt,0.1685,0.3239,0.0,0.5349,4.48318502972e-36,0.500946991525,3.65675133769e-31,4,200,1,True,True,control
controldigFalsetashTruemod0size100wind7.txt,0.1591,0.3101,0.0,0.5141,5.43657942422e-33,0.499966549695,4.97393550572e-31,7,100,0,False,True,control
lemmasdigFalsetashFalsemod0size100wind4.txt,0.1221,0.2739,0.0,0.5186,1.01801599366e-33,0.495979007445,1.492379447e-30,4,100,0,False,False,lemmas
controldigFalsetashFalsemod0size100wind4.txt,0.1485,0.2984,0.0,0.5183,1.34741387218e-33,0.493004299957,4.29651484809e-30,4,100,0,False,False,control
controldigTruetashTruemod0size200wind4.txt,0.1795,0.3325,0.0,0.5117,1.19002262655e-32,0.492310725771,5.31164810995e-30,4,200,0,True,True,control
controldigTruetashFalsemod1size100wind4.txt,0.1392,0.2913,0.0,0.513,7.5689884363e-33,0.491689392827,6.42050724153e-30,4,100,1,True,False,control
lemmasdigFalsetashFalsemod1size100wind7.txt,0.1228,0.2775,0.0,0.5078,3.58101789153e-32,0.4912407602,6.4045726786e-30,7,100,1,False,False,lemmas
tokensdigTruetashFalsemod1size100wind4.txt,0.1166,0.2726,0.0,0.4781,2.80778258763e-28,0.489379282193,9.82704959496e-30,4,100,1,True,False,tokens
controldigTruetashFalsemod1size200wind7.txt,0.1714,0.3238,0.0,0.5058,7.89849925328e-32,0.488658930966,1.60976767781e-29,7,200,1,True,False,control
lemmasdigTruetashTruemod1size200wind4.txt,0.1499,0.3011,0.0,0.5016,2.60488755348e-31,0.487398158944,2.05265624503e-29,4,200,1,True,True,lemmas
lemmasdigFalsetashTruemod1size100wind7.txt,0.1196,0.2704,0.0,0.5072,4.3600293575e-32,0.486335730721,2.82516598444e-29,7,100,1,False,True,lemmas
controldigFalsetashFalsemod1size200wind7.txt,0.1687,0.3228,0.0,0.5151,3.88945758519e-33,0.486032379213,3.54438758355e-29,7,200,1,False,False,control
controldigTruetashTruemod1size100wind4.txt,0.1438,0.298,0.0,0.5153,3.64564324089e-33,0.482520231391,1.00759008799e-28,4,100,1,True,True,control
tokensdigFalsetashFalsemod1size200wind7.txt,0.141,0.297,0.0,0.4503,6.70490768573e-25,0.482459429257,7.85426746742e-29,7,200,1,False,False,tokens
tokensdigTruetashFalsemod0size200wind4.txt,0.1467,0.3019,0.0,0.4304,1.15321739726e-22,0.482098696078,8.74179784295e-29,4,200,0,True,False,tokens
lemmasdigFalsetashFalsemod1size200wind4.txt,0.1567,0.309,0.0,0.5123,8.28928073816e-33,0.482008156723,1.02596306199e-28,4,200,1,False,False,lemmas
controldigTruetashTruemod1size200wind7.txt,0.1693,0.3229,0.0,0.5059,7.52624538026e-32,0.480826640329,1.66040561196e-28,7,200,1,True,True,control
controldigFalsetashTruemod0size100wind4.txt,0.1504,0.3021,0.0,0.5051,9.77367485209e-32,0.48071740458,1.71460698652e-28,4,100,0,False,True,control
controldigTruetashTruemod0size100wind4.txt,0.1451,0.2963,0.0,0.5013,3.23211761979e-31,0.480504176396,1.82549777044e-28,4,100,0,True,True,control
lemmasdigFalsetashTruemod1size200wind4.txt,0.1471,0.2981,0.0,0.4993,5.31656325051e-31,0.47993198477,1.89241119472e-28,4,200,1,False,True,lemmas
controldigFalsetashFalsemod1size100wind4.txt,0.1406,0.294,0.0,0.5228,2.92414723777e-34,0.479207271318,2.66998548952e-28,4,100,1,False,False,control
tokensdigFalsetashTruemod1size200wind4.txt,0.1412,0.2946,0.0,0.4475,1.40803967961e-24,0.476757129895,4.2038913859e-28,4,200,1,False,True,tokens
tokensdigTruetashTruemod0size100wind4.txt,0.1224,0.2748,0.0,0.4628,2.24553538524e-26,0.476290034789,4.8164281848e-28,4,100,0,True,True,tokens
tokensdigTruetashFalsemod0size100wind4.txt,0.1182,0.2716,0.0,0.4641,1.57817002248e-26,0.475901114836,5.3931509169e-28,4,100,0,True,False,tokens
lemmasdigFalsetashFalsemod0size200wind4.txt,0.1542,0.3082,0.0,0.5086,2.75805726949e-32,0.475854901628,6.22133637394e-28,4,200,0,False,False,lemmas
controldigTruetashFalsemod1size200wind4.txt,0.1729,0.3274,0.0,0.502,2.60166402967e-31,0.47496030189,9.16940901642e-28,4,200,1,True,False,control
controldigFalsetashTruemod1size100wind7.txt,0.1429,0.298,0.0,0.5033,1.75354464063e-31,0.473778458468,1.28861788198e-27,7,100,1,False,True,control
controldigFalsetashTruemod1size200wind7.txt,0.1702,0.3265,0.0,0.5053,9.2317723889e-32,0.472005635075,2.14155741759e-27,7,200,1,False,True,control
lemmasdigFalsetashTruemod1size100wind4.txt,0.1199,0.2716,0.0,0.5026,1.86200904849e-31,0.471602437512,2.11661239542e-27,4,100,1,False,True,lemmas
tokensdigTruetashTruemod0size100wind7.txt,0.1282,0.2818,0.0,0.4538,2.62625540321e-25,0.471513181988,1.91278267032e-27,7,100,0,True,True,tokens
lemmasdigFalsetashTruemod1size200wind7.txt,0.1512,0.3048,0.0,0.4783,3.07135382292e-28,0.471119472229,2.42976900927e-27,7,200,1,False,True,lemmas
controldigTruetashFalsemod1size100wind7.txt,0.1429,0.2973,0.0,0.4952,2.21964203048e-30,0.470845871839,2.98093266135e-27,7,100,1,True,False,control
lemmasdigTruetashFalsemod1size100wind4.txt,0.1258,0.2819,0.0,0.5049,9.12821646021e-32,0.470697356348,2.7406953415e-27,4,100,1,True,False,lemmas
controldigTruetashTruemod1size100wind7.txt,0.1425,0.2974,0.0,0.5091,2.74015685508e-32,0.46977553627,4.04030428081e-27,7,100,1,True,True,control
controldigFalsetashTruemod1size200wind4.txt,0.1717,0.3257,0.0,0.4967,1.39639849887e-30,0.469429244379,4.45698549638e-27,4,200,1,False,True,control
tokensdigTruetashTruemod0size200wind7.txt,0.1622,0.3179,0.0,0.4262,3.28591851792e-22,0.465587344254,1.02728274786e-26,7,200,0,True,True,tokens
tokensdigTruetashTruemod1size200wind7.txt,0.1455,0.3018,0.0,0.4337,5.10647976898e-23,0.465371284005,1.091537767e-26,7,200,1,True,True,tokens
tokensdigTruetashTruemod0size200wind4.txt,0.1437,0.3,0.0,0.4327,6.44173932454e-23,0.464457227201,1.41026767198e-26,4,200,0,True,True,tokens
tokensdigTruetashFalsemod0size100wind7.txt,0.1324,0.2867,0.0,0.4447,2.96544990022e-24,0.46236870232,2.52505416885e-26,7,100,0,True,False,tokens
lemmasdigTruetashFalsemod0size200wind7.txt,0.1709,0.3258,0.0,0.499,5.79543586562e-31,0.461034571497,4.12383139057e-26,7,200,0,True,False,lemmas
controldigTruetashFalsemod0size100wind4.txt,0.1504,0.3015,0.0,0.4977,1.00841929859e-30,0.460657584554,5.16098374336e-26,4,100,0,True,False,control
lemmasdigFalsetashTruemod0size200wind4.txt,0.1509,0.3025,0.0,0.493,3.74542433651e-30,0.459835317701,5.73897597044e-26,4,200,0,False,True,lemmas
lemmasdigTruetashTruemod0size200wind4.txt,0.1498,0.3038,0.0,0.489,1.27949920776e-29,0.458566540185,8.12965281649e-26,4,200,0,True,True,lemmas
lemmasdigFalsetashFalsemod0size200wind7.txt,0.1729,0.3256,0.0,0.4907,7.53122119383e-30,0.458232806171,8.9073364629e-26,7,200,0,False,False,lemmas
lemmasdigTruetashTruemod1size100wind4.txt,0.1218,0.2714,0.0,0.4889,1.30273868212e-29,0.456903067907,1.28056068945e-25,4,100,1,True,True,lemmas
lemmasdigFalsetashFalsemod1size200wind7.txt,0.158,0.3123,0.0,0.4905,7.94892337731e-30,0.456696865892,1.35451976332e-25,7,200,1,False,False,lemmas
controldigFalsetashTruemod0size200wind4.txt,0.1802,0.3343,0.0,0.4875,2.25708499826e-29,0.456063332832,1.81006786119e-25,4,200,0,False,True,control
tokensdigTruetashFalsemod1size200wind4.txt,0.1475,0.3022,0.0,0.4236,6.26543372511e-22,0.455920488889,1.48728477186e-25,4,200,1,True,False,tokens
lemmasdigFalsetashFalsemod1size100wind4.txt,0.1269,0.2793,0.0,0.491,6.86690118733e-30,0.45557136646,1.83904891939e-25,4,100,1,False,False,lemmas
lemmasdigTruetashFalsemod1size200wind4.txt,0.1585,0.3123,0.0,0.4955,1.72653466176e-30,0.454648250838,2.36130641588e-25,4,200,1,True,False,lemmas
tokensdigFalsetashTruemod0size100wind4.txt,0.1175,0.2715,0.0,0.4563,1.33854920972e-25,0.454620848527,2.11659729386e-25,4,100,0,False,True,tokens
lemmasdigTruetashTruemod1size200wind7.txt,0.1483,0.3039,0.0,0.4794,2.23576707342e-28,0.453172092431,3.51611756245e-25,7,200,1,True,True,lemmas
controldigTruetashTruemod0size200wind7.txt,0.1875,0.341,0.0,0.4754,8.18813355659e-28,0.451324365588,6.47485504156e-25,7,200,0,True,True,control
tokensdigFalsetashTruemod0size100wind7.txt,0.1328,0.2869,0.0,0.4448,2.9331311638e-24,0.450864471981,5.81945461959e-25,7,100,0,False,True,tokens
tokensdigFalsetashTruemod0size200wind7.txt,0.1622,0.3176,0.0,0.4174,2.80921768304e-21,0.450586343306,6.26885775042e-25,7,200,0,False,True,tokens
lemmasdigTruetashTruemod0size100wind4.txt,0.122,0.273,0.0,0.4827,8.4373553251e-29,0.449708176822,8.88211008576e-25,4,100,0,True,True,lemmas
tokensdigTruetashTruemod1size100wind4.txt,0.1186,0.2738,0.0,0.4508,5.97851469009e-25,0.445165796633,2.63582886644e-24,4,100,1,True,True,tokens
controldigTruetashFalsemod0size200wind4.txt,0.1788,0.3342,0.0,0.4847,5.29496781972e-29,0.443658055031,4.88129541305e-24,4,200,0,True,False,control
controldigFalsetashFalsemod0size200wind7.txt,0.1914,0.3442,0.0,0.4809,1.64498441258e-28,0.44118367596,9.26775685458e-24,7,200,0,False,False,control
tokensdigFalsetashFalsemod0size200wind7.txt,0.1617,0.3197,0.0,0.4162,3.70037211227e-21,0.441018256697,7.77434028609e-24,7,200,0,False,False,tokens
lemmasdigFalsetashTruemod0size100wind4.txt,0.1198,0.2716,0.0,0.4843,5.26168021866e-29,0.43979590395,1.18853022298e-23,4,100,0,False,True,lemmas
tokensdigTruetashFalsemod1size200wind7.txt,0.1464,0.3011,0.0,0.4226,7.89956640967e-22,0.439713094028,1.08931730179e-23,7,200,1,True,False,tokens
lemmasdigTruetashTruemod0size100wind7.txt,0.1394,0.2905,0.0,0.4883,1.54243533342e-29,0.439701600962,1.21772937569e-23,7,100,0,True,True,lemmas
tokensdigFalsetashFalsemod0size100wind4.txt,0.1186,0.2734,0.0,0.4433,4.25346276067e-24,0.439085104216,1.28060169259e-23,4,100,0,False,False,tokens
lemmasdigTruetashFalsemod0size200wind4.txt,0.1574,0.3126,0.0,0.4782,3.15297863479e-28,0.439060008457,1.43607203022e-23,4,200,0,True,False,lemmas
lemmasdigTruetashFalsemod1size200wind7.txt,0.1571,0.3097,0.0,0.4662,9.90864159723e-27,0.438117152309,1.82876366123e-23,7,200,1,True,False,lemmas
controldigTruetashFalsemod0size200wind7.txt,0.1878,0.3414,0.0,0.4741,1.16539716724e-27,0.437822593898,2.19560544935e-23,7,200,0,True,False,control
controldigFalsetashTruemod0size200wind7.txt,0.1889,0.3424,0.0,0.4745,1.03627297779e-27,0.43659425974,3.00198521263e-23,7,200,0,False,True,control
lemmasdigFalsetashFalsemod0size100wind7.txt,0.141,0.2928,0.0,0.4796,2.11527192137e-28,0.436303918424,2.904887133e-23,7,100,0,False,False,lemmas
lemmasdigTruetashFalsemod0size100wind7.txt,0.1412,0.2945,0.0,0.4783,3.0359797881e-28,0.436097655978,3.06135738494e-23,7,100,0,True,False,lemmas
tokensdigFalsetashTruemod1size100wind4.txt,0.1193,0.2765,0.0,0.4347,3.97283924548e-23,0.433356746469,5.51554009136e-23,4,100,1,False,True,tokens
lemmasdigTruetashTruemod0size200wind7.txt,0.1656,0.3194,0.0,0.464,1.80939766914e-26,0.433214406419,6.3501345757e-23,7,200,0,True,True,lemmas
tokensdigFalsetashTruemod1size100wind7.txt,0.1176,0.2732,0.0,0.441,7.90314284843e-24,0.432893562997,6.19927079001e-23,7,100,1,False,True,tokens
tokensdigTruetashTruemod1size200wind4.txt,0.1463,0.2993,0.0,0.416,3.86970209489e-21,0.432223350548,7.33904866602e-23,4,200,1,True,True,tokens
lemmasdigTruetashFalsemod0size100wind4.txt,0.1277,0.2812,0.0,0.4771,4.27636329781e-28,0.431657426996,9.38936438788e-23,4,100,0,True,False,lemmas
tokensdigFalsetashFalsemod1size100wind4.txt,0.1215,0.2798,0.0,0.436,2.82515232892e-23,0.431549801705,8.69239336016e-23,4,100,1,False,False,tokens
controldigFalsetashFalsemod0size100wind7.txt,0.1598,0.3128,0.0,0.4736,1.34851333164e-27,0.431327174059,1.1316342657e-22,7,100,0,False,False,control
tokensdigTruetashFalsemod1size100wind7.txt,0.1226,0.2795,0.0,0.4367,2.36313434879e-23,0.431322869415,9.20165209284e-23,7,100,1,True,False,tokens
tokensdigFalsetashTruemod0size200wind4.txt,0.1522,0.3073,0.0,0.4113,1.17161369196e-20,0.430811538331,1.04595214827e-22,4,200,0,False,True,tokens
tokensdigFalsetashFalsemod0size200wind4.txt,0.1491,0.3054,0.0,0.4214,1.05814727612e-21,0.429669283709,1.3914800817e-22,4,200,0,False,False,tokens
lemmasdigFalsetashTruemod0size100wind7.txt,0.1383,0.2933,0.0,0.4711,2.44572969671e-27,0.428909768209,1.86313378363e-22,7,100,0,False,True,lemmas
tokensdigFalsetashTruemod1size200wind7.txt,0.1462,0.3049,0.0,0.4059,4.16586824117e-20,0.426869531747,2.78828757922e-22,7,200,1,False,True,tokens
lemmasdigTruetashTruemod1size100wind7.txt,0.1243,0.279,0.0,0.4693,4.10445176192e-27,0.426664574778,3.24649083295e-22,7,100,1,True,True,lemmas
tokensdigFalsetashFalsemod1size200wind4.txt,0.1452,0.3016,0.0,0.4221,8.94010151618e-22,0.424673264362,4.78815249016e-22,4,200,1,False,False,tokens
controldigTruetashFalsemod0size100wind7.txt,0.1622,0.313,0.0,0.4667,9.54342853968e-27,0.42458590096,5.98018081131e-22,7,100,0,True,False,control
tokensdigFalsetashFalsemod0size100wind7.txt,0.1351,0.2899,0.0,0.4242,5.39053834951e-22,0.42286378854,7.45336552688e-22,7,100,0,False,False,tokens
controldigFalsetashFalsemod1size100wind7.txt,0.1453,0.2973,0.0,0.4626,3.05800538928e-26,0.417776406494,3.09533293354e-21,7,100,1,False,False,control
controldigTruetashTruemod0size100wind7.txt,0.1599,0.3136,0.0,0.4676,7.46536356319e-27,0.415486592145,5.3354007336e-21,7,100,0,True,True,control
lemmasdigTruetashFalsemod1size100wind7.txt,0.1271,0.2848,0.0,0.4588,7.73008848756e-26,0.414625231714,5.94606956424e-21,7,100,1,True,False,lemmas
lemmasdigFalsetashTruemod0size200wind7.txt,0.1716,0.3252,0.0,0.4467,1.97057011924e-24,0.408800459235,2.32884269432e-20,7,200,0,False,True,lemmas
tokensdigTruetashTruemod1size100wind7.txt,0.1286,0.2865,0.0,0.4181,2.33323999856e-21,0.40874963553,2.14838204236e-20,7,100,1,True,True,tokens
tokensdigTruetashFalsemod0size200wind7.txt,0.1684,0.3232,0.0,0.3875,2.52317558626e-18,0.404022541014,6.39336404259e-20,7,200,0,True,False,tokens
tokensdigFalsetashFalsemod1size100wind7.txt,0.122,0.2821,0.0,0.4054,4.628202683e-20,0.402271567128,9.53351555043e-20,7,100,1,False,False,tokens
